,predictor,f-score,mcc,roc_auc,pr_auc
0,sppider,0.11154144074360961,0.018888102558966342,0.618,0.1
1,ispred,0.18435321456235476,0.10236095379027371,0.656,0.128
2,dockpred,0.16266460108443065,0.07749670023201194,0.643,0.12
3,logisticregresion,0.19209914794732763,0.11124104434679577,0.681,0.132
4,linearregression,0.19829589465530598,0.11834511679201341,0.683,0.133
5,randomforest,0.20294345468628971,0.12367317112592666,0.697,0.143
6,xgboost,0.30364058869093724,0.23911434836071344,0.773,0.23
